loss,val_loss
0.008813462220132351,0.000666803156491369
